,number,ruleID,attribute_426,attribute_427,attribute_428,attribute_429,attribute_430,attribute_431,attribute_432,attribute_433,attribute_434,attribute_435,attribute_436,attribute_437,attribute_438,attribute_439,attribute_440,attribute_441,attribute_442,attribute_443,attribute_444,attribute_445,attribute_446,attribute_447,attribute_448,attribute_449,attribute_450,attribute_451,attribute_452,attribute_453,attribute_454,attribute_455,attribute_456,attribute_457,attribute_458,attribute_459
0,1.0,1878.0,5000.0,,,,,,,,,,,,3.0,0.0,2.0,3.0,3.0,,3.0,3.0,3.0,3.0,3.0,,,,,,,3.0,3.0,3.0,3.0,2.0
1,2.0,1879.0,5000.0,,,,,,,,,,,,3.0,2.0,2.0,3.0,3.0,,3.0,3.0,3.0,3.0,3.0,,,,,,,3.0,3.0,3.0,3.0,2.0
2,3.0,1880.0,,5000.0,,,,,,,,,,,3.0,2.0,0.0,3.0,3.0,,3.0,3.0,3.0,3.0,3.0,,,,,,,3.0,3.0,3.0,3.0,2.0
3,4.0,1881.0,,5000.0,,,,,,,,,,,3.0,0.0,4.0,3.0,3.0,,3.0,3.0,3.0,3.0,3.0,,,,,,,3.0,3.0,3.0,3.0,2.0
4,5.0,1882.0,,5000.0,,,,,,,,,,,3.0,0.0,3.0,3.0,3.0,,3.0,3.0,3.0,3.0,3.0,,,,,,,3.0,3.0,3.0,3.0,2.0
5,6.0,1883.0,,5000.0,,,,,,,,,,,3.0,2.0,1.0,3.0,3.0,,3.0,3.0,3.0,3.0,3.0,,,,,,,3.0,3.0,3.0,3.0,2.0
6,7.0,1884.0,,,5000.0,,,,,,,,,,3.0,1.0,0.0,6.0,3.0,,3.0,3.0,3.0,3.0,3.0,,,,,,,3.0,3.0,3.0,3.0,2.0
7,8.0,1885.0,,,5000.0,,,,,,,,,,3.0,1.0,1.0,1.0,3.0,,3.0,3.0,3.0,3.0,3.0,,,,,,,3.0,3.0,3.0,3.0,2.0
8,9.0,1886.0,,,5000.0,,,,,,,,,,3.0,1.0,3.0,1.0,3.0,,3.0,3.0,3.0,3.0,3.0,,,,,,,3.0,3.0,3.0,3.0,2.0
9,10.0,1887.0,,,5000.0,,,,,,,,,,3.0,1.0,4.0,5.0,3.0,,3.0,3.0,3.0,3.0,3.0,,,,,,,3.0,3.0,3.0,3.0,2.0
10,11.0,1888.0,,,5000.0,,,,,,,,,,3.0,1.0,1.0,0.0,3.0,,3.0,3.0,3.0,3.0,3.0,,,,,,,3.0,3.0,3.0,3.0,2.0
11,12.0,1889.0,,,5000.0,,,,,,,,,,3.0,1.0,0.0,4.0,3.0,,3.0,3.0,3.0,3.0,3.0,,,,,,,3.0,3.0,3.0,3.0,2.0
12,13.0,1890.0,,,5000.0,,,,,,,,,,3.0,1.0,3.0,2.0,3.0,,3.0,3.0,3.0,3.0,3.0,,,,,,,3.0,3.0,3.0,3.0,2.0
13,14.0,1891.0,,,5000.0,,,,,,,,,,3.0,1.0,4.0,4.0,3.0,,3.0,3.0,3.0,3.0,3.0,,,,,,,3.0,3.0,3.0,3.0,2.0
14,15.0,1892.0,,,,5000.0,,,,,,,,,3.0,1.0,2.0,1.0,7.0,,3.0,3.0,3.0,3.0,3.0,,,,,,,3.0,3.0,3.0,3.0,2.0
15,16.0,1893.0,,,,5000.0,,,,,,,,,3.0,1.0,2.0,6.0,6.0,,3.0,3.0,3.0,3.0,3.0,,,,,,,3.0,3.0,3.0,3.0,2.0
16,17.0,1894.0,,,,5000.0,,,,,,,,,3.0,1.0,2.0,5.0,8.0,,3.0,3.0,3.0,3.0,3.0,,,,,,,3.0,3.0,3.0,3.0,2.0
17,18.0,1895.0,,,,5000.0,,,,,,,,,3.0,1.0,2.0,0.0,1.0,,3.0,3.0,3.0,3.0,3.0,,,,,,,3.0,3.0,3.0,3.0,2.0
18,19.0,1896.0,,,,5000.0,,,,,,,,,3.0,1.0,2.0,4.0,1.0,,3.0,3.0,3.0,3.0,3.0,,,,,,,3.0,3.0,3.0,3.0,2.0
19,20.0,1897.0,,,,5000.0,,,,,,,,,3.0,1.0,2.0,2.0,1.0,,3.0,3.0,3.0,3.0,3.0,,,,,,,3.0,3.0,3.0,3.0,2.0
20,21.0,1898.0,,,,5000.0,,,,,,,,,3.0,1.0,2.0,1.0,5.0,,3.0,3.0,3.0,3.0,3.0,,,,,,,3.0,3.0,3.0,3.0,2.0
21,22.0,1899.0,,,,5000.0,,,,,,,,,3.0,1.0,2.0,6.0,5.0,,3.0,3.0,3.0,3.0,3.0,,,,,,,3.0,3.0,3.0,3.0,2.0
22,23.0,1900.0,,,,5000.0,,,,,,,,,3.0,1.0,2.0,5.0,4.0,,3.0,3.0,3.0,3.0,3.0,,,,,,,3.0,3.0,3.0,3.0,2.0
23,24.0,1901.0,,,,5000.0,,,,,,,,,3.0,1.0,2.0,0.0,0.0,,3.0,3.0,3.0,3.0,3.0,,,,,,,3.0,3.0,3.0,3.0,2.0
24,25.0,1902.0,,,,5000.0,,,,,,,,,3.0,1.0,2.0,4.0,2.0,,3.0,3.0,3.0,3.0,3.0,,,,,,,3.0,3.0,3.0,3.0,2.0
25,26.0,1903.0,,,,5000.0,,,,,,,,,3.0,1.0,2.0,2.0,0.0,,3.0,3.0,3.0,3.0,3.0,,,,,,,3.0,3.0,3.0,3.0,2.0
26,27.0,1904.0,,,,,,,,,,,,,7.0,1.0,2.0,3.0,1.0,20000.0,3.0,3.0,3.0,3.0,3.0,,,,,,,3.0,3.0,3.0,3.0,2.0
27,28.0,1905.0,,,,,,,,,,,,,6.0,1.0,2.0,3.0,7.0,20000.0,3.0,3.0,3.0,3.0,3.0,,,,,,,3.0,3.0,3.0,3.0,2.0
28,29.0,1906.0,,,,,,,,,,,,,8.0,1.0,2.0,3.0,6.0,20000.0,3.0,3.0,3.0,3.0,3.0,,,,,,,3.0,3.0,3.0,3.0,2.0
29,30.0,1907.0,,,,,,,,,,,,,1.0,1.0,2.0,3.0,4.0,20000.0,3.0,3.0,3.0,3.0,3.0,,,,,,,3.0,3.0,3.0,3.0,2.0
30,31.0,1908.0,,,,,,,,,,,,,1.0,1.0,2.0,3.0,5.0,20000.0,3.0,3.0,3.0,3.0,3.0,,,,,,,3.0,3.0,3.0,3.0,2.0
31,32.0,1909.0,,,,,,,,,,,,,1.0,1.0,2.0,3.0,2.0,20000.0,3.0,3.0,3.0,3.0,3.0,,,,,,,3.0,3.0,3.0,3.0,2.0
32,33.0,1910.0,,,,,,,,,,,,,1.0,1.0,2.0,3.0,0.0,20000.0,3.0,3.0,3.0,3.0,3.0,,,,,,,3.0,3.0,3.0,3.0,2.0
33,34.0,1911.0,,,,,,,,,,,,,5.0,1.0,2.0,3.0,1.0,20000.0,3.0,3.0,3.0,3.0,3.0,,,,,,,3.0,3.0,3.0,3.0,2.0
34,35.0,1912.0,,,,,,,,,,,,,5.0,1.0,2.0,3.0,7.0,20000.0,3.0,3.0,3.0,3.0,3.0,,,,,,,3.0,3.0,3.0,3.0,2.0
35,36.0,1913.0,,,,,,,,,,,,,4.0,1.0,2.0,3.0,6.0,20000.0,3.0,3.0,3.0,3.0,3.0,,,,,,,3.0,3.0,3.0,3.0,2.0
36,37.0,1914.0,,,,,,,,,,,,,5.0,1.0,2.0,3.0,4.0,20000.0,3.0,3.0,3.0,3.0,3.0,,,,,,,3.0,3.0,3.0,3.0,2.0
37,38.0,1915.0,,,,,,,,,,,,,2.0,1.0,2.0,3.0,5.0,20000.0,3.0,3.0,3.0,3.0,3.0,,,,,,,3.0,3.0,3.0,3.0,2.0
38,39.0,1916.0,,,,,,,,,,,,,0.0,1.0,2.0,3.0,2.0,20000.0,3.0,3.0,3.0,3.0,3.0,,,,,,,3.0,3.0,3.0,3.0,2.0
39,40.0,1917.0,,,,,,,,,,,,,0.0,1.0,2.0,3.0,0.0,20000.0,3.0,3.0,3.0,3.0,3.0,,,,,,,3.0,3.0,3.0,3.0,2.0
40,41.0,1918.0,,,,,5000.0,,,,,,,,1.0,1.0,2.0,3.0,3.0,,7.0,3.0,3.0,3.0,3.0,,,,,,,3.0,3.0,3.0,3.0,2.0
41,42.0,1919.0,,,,,5000.0,,,,,,,,7.0,1.0,2.0,3.0,3.0,,6.0,3.0,3.0,3.0,3.0,,,,,,,3.0,3.0,3.0,3.0,2.0
42,43.0,1920.0,,,,,5000.0,,,,,,,,6.0,1.0,2.0,3.0,3.0,,8.0,3.0,3.0,3.0,3.0,,,,,,,3.0,3.0,3.0,3.0,2.0
43,44.0,1921.0,,,,,5000.0,,,,,,,,4.0,1.0,2.0,3.0,3.0,,1.0,3.0,3.0,3.0,3.0,,,,,,,3.0,3.0,3.0,3.0,2.0
44,45.0,1922.0,,,,,5000.0,,,,,,,,5.0,1.0,2.0,3.0,3.0,,1.0,3.0,3.0,3.0,3.0,,,,,,,3.0,3.0,3.0,3.0,2.0
45,46.0,1923.0,,,,,5000.0,,,,,,,,2.0,1.0,2.0,3.0,3.0,,1.0,3.0,3.0,3.0,3.0,,,,,,,3.0,3.0,3.0,3.0,2.0
46,47.0,1924.0,,,,,5000.0,,,,,,,,0.0,1.0,2.0,3.0,3.0,,1.0,3.0,3.0,3.0,3.0,,,,,,,3.0,3.0,3.0,3.0,2.0
47,48.0,1925.0,,,,,5000.0,,,,,,,,1.0,1.0,2.0,3.0,3.0,,5.0,3.0,3.0,3.0,3.0,,,,,,,3.0,3.0,3.0,3.0,2.0
48,49.0,1926.0,,,,,5000.0,,,,,,,,7.0,1.0,2.0,3.0,3.0,,5.0,3.0,3.0,3.0,3.0,,,,,,,3.0,3.0,3.0,3.0,2.0
49,50.0,1927.0,,,,,5000.0,,,,,,,,6.0,1.0,2.0,3.0,3.0,,4.0,3.0,3.0,3.0,3.0,,,,,,,3.0,3.0,3.0,3.0,2.0
50,51.0,1928.0,,,,,5000.0,,,,,,,,4.0,1.0,2.0,3.0,3.0,,5.0,3.0,3.0,3.0,3.0,,,,,,,3.0,3.0,3.0,3.0,2.0
51,52.0,1929.0,,,,,5000.0,,,,,,,,5.0,1.0,2.0,3.0,3.0,,2.0,3.0,3.0,3.0,3.0,,,,,,,3.0,3.0,3.0,3.0,2.0
52,53.0,1930.0,,,,,5000.0,,,,,,,,2.0,1.0,2.0,3.0,3.0,,0.0,3.0,3.0,3.0,3.0,,,,,,,3.0,3.0,3.0,3.0,2.0
53,54.0,1931.0,,,,,5000.0,,,,,,,,0.0,1.0,2.0,3.0,3.0,,0.0,3.0,3.0,3.0,3.0,,,,,,,3.0,3.0,3.0,3.0,2.0
54,55.0,1932.0,,,,,,5000.0,,,,,,,3.0,1.0,2.0,3.0,3.0,,1.0,7.0,3.0,3.0,3.0,,,,,,,3.0,3.0,3.0,3.0,2.0
55,56.0,1933.0,,,,,,5000.0,,,,,,,3.0,1.0,2.0,3.0,3.0,,7.0,6.0,3.0,3.0,3.0,,,,,,,3.0,3.0,3.0,3.0,2.0
56,57.0,1934.0,,,,,,5000.0,,,,,,,3.0,1.0,2.0,3.0,3.0,,6.0,8.0,3.0,3.0,3.0,,,,,,,3.0,3.0,3.0,3.0,2.0
57,58.0,1935.0,,,,,,5000.0,,,,,,,3.0,1.0,2.0,3.0,3.0,,4.0,1.0,3.0,3.0,3.0,,,,,,,3.0,3.0,3.0,3.0,2.0
58,59.0,1936.0,,,,,,5000.0,,,,,,,3.0,1.0,2.0,3.0,3.0,,5.0,1.0,3.0,3.0,3.0,,,,,,,3.0,3.0,3.0,3.0,2.0
59,60.0,1937.0,,,,,,5000.0,,,,,,,3.0,1.0,2.0,3.0,3.0,,2.0,1.0,3.0,3.0,3.0,,,,,,,3.0,3.0,3.0,3.0,2.0
60,61.0,1938.0,,,,,,5000.0,,,,,,,3.0,1.0,2.0,3.0,3.0,,0.0,1.0,3.0,3.0,3.0,,,,,,,3.0,3.0,3.0,3.0,2.0
61,62.0,1939.0,,,,,,5000.0,,,,,,,3.0,1.0,2.0,3.0,3.0,,1.0,5.0,3.0,3.0,3.0,,,,,,,3.0,3.0,3.0,3.0,2.0
62,63.0,1940.0,,,,,,5000.0,,,,,,,3.0,1.0,2.0,3.0,3.0,,7.0,5.0,3.0,3.0,3.0,,,,,,,3.0,3.0,3.0,3.0,2.0
63,64.0,1941.0,,,,,,5000.0,,,,,,,3.0,1.0,2.0,3.0,3.0,,6.0,4.0,3.0,3.0,3.0,,,,,,,3.0,3.0,3.0,3.0,2.0
64,65.0,1942.0,,,,,,5000.0,,,,,,,3.0,1.0,2.0,3.0,3.0,,4.0,5.0,3.0,3.0,3.0,,,,,,,3.0,3.0,3.0,3.0,2.0
65,66.0,1943.0,,,,,,5000.0,,,,,,,3.0,1.0,2.0,3.0,3.0,,5.0,2.0,3.0,3.0,3.0,,,,,,,3.0,3.0,3.0,3.0,2.0
66,67.0,1944.0,,,,,,5000.0,,,,,,,3.0,1.0,2.0,3.0,3.0,,2.0,0.0,3.0,3.0,3.0,,,,,,,3.0,3.0,3.0,3.0,2.0
67,68.0,1945.0,,,,,,5000.0,,,,,,,3.0,1.0,2.0,3.0,3.0,,0.0,0.0,3.0,3.0,3.0,,,,,,,3.0,3.0,3.0,3.0,2.0
68,69.0,1946.0,,,,,,,5000.0,,,,,,3.0,1.0,2.0,3.0,3.0,,3.0,1.0,7.0,3.0,3.0,,,,,,,3.0,3.0,3.0,3.0,2.0
69,70.0,1947.0,,,,,,,5000.0,,,,,,3.0,1.0,2.0,3.0,3.0,,3.0,7.0,6.0,3.0,3.0,,,,,,,3.0,3.0,3.0,3.0,2.0
70,71.0,1948.0,,,,,,,5000.0,,,,,,3.0,1.0,2.0,3.0,3.0,,3.0,6.0,8.0,3.0,3.0,,,,,,,3.0,3.0,3.0,3.0,2.0
71,72.0,1949.0,,,,,,,5000.0,,,,,,3.0,1.0,2.0,3.0,3.0,,3.0,4.0,1.0,3.0,3.0,,,,,,,3.0,3.0,3.0,3.0,2.0
72,73.0,1950.0,,,,,,,5000.0,,,,,,3.0,1.0,2.0,3.0,3.0,,3.0,5.0,1.0,3.0,3.0,,,,,,,3.0,3.0,3.0,3.0,2.0
73,74.0,1951.0,,,,,,,5000.0,,,,,,3.0,1.0,2.0,3.0,3.0,,3.0,2.0,1.0,3.0,3.0,,,,,,,3.0,3.0,3.0,3.0,2.0
74,75.0,1952.0,,,,,,,5000.0,,,,,,3.0,1.0,2.0,3.0,3.0,,3.0,0.0,1.0,3.0,3.0,,,,,,,3.0,3.0,3.0,3.0,2.0
75,76.0,1953.0,,,,,,,5000.0,,,,,,3.0,1.0,2.0,3.0,3.0,,3.0,1.0,5.0,3.0,3.0,,,,,,,3.0,3.0,3.0,3.0,2.0
76,77.0,1954.0,,,,,,,5000.0,,,,,,3.0,1.0,2.0,3.0,3.0,,3.0,7.0,5.0,3.0,3.0,,,,,,,3.0,3.0,3.0,3.0,2.0
77,78.0,1955.0,,,,,,,5000.0,,,,,,3.0,1.0,2.0,3.0,3.0,,3.0,6.0,4.0,3.0,3.0,,,,,,,3.0,3.0,3.0,3.0,2.0
78,79.0,1956.0,,,,,,,5000.0,,,,,,3.0,1.0,2.0,3.0,3.0,,3.0,4.0,5.0,3.0,3.0,,,,,,,3.0,3.0,3.0,3.0,2.0
79,80.0,1957.0,,,,,,,5000.0,,,,,,3.0,1.0,2.0,3.0,3.0,,3.0,5.0,2.0,3.0,3.0,,,,,,,3.0,3.0,3.0,3.0,2.0
80,81.0,1958.0,,,,,,,5000.0,,,,,,3.0,1.0,2.0,3.0,3.0,,3.0,2.0,0.0,3.0,3.0,,,,,,,3.0,3.0,3.0,3.0,2.0
81,82.0,1959.0,,,,,,,5000.0,,,,,,3.0,1.0,2.0,3.0,3.0,,3.0,0.0,0.0,3.0,3.0,,,,,,,3.0,3.0,3.0,3.0,2.0
82,83.0,1960.0,,,,,,,,5000.0,,,,,3.0,1.0,2.0,3.0,3.0,,3.0,3.0,1.0,7.0,3.0,,,,,,,3.0,3.0,3.0,3.0,2.0
83,84.0,1961.0,,,,,,,,5000.0,,,,,3.0,1.0,2.0,3.0,3.0,,3.0,3.0,7.0,6.0,3.0,,,,,,,3.0,3.0,3.0,3.0,2.0
84,85.0,1962.0,,,,,,,,5000.0,,,,,3.0,1.0,2.0,3.0,3.0,,3.0,3.0,6.0,8.0,3.0,,,,,,,3.0,3.0,3.0,3.0,2.0
85,86.0,1963.0,,,,,,,,5000.0,,,,,3.0,1.0,2.0,3.0,3.0,,3.0,3.0,4.0,1.0,3.0,,,,,,,3.0,3.0,3.0,3.0,2.0
86,87.0,1964.0,,,,,,,,5000.0,,,,,3.0,1.0,2.0,3.0,3.0,,3.0,3.0,5.0,1.0,3.0,,,,,,,3.0,3.0,3.0,3.0,2.0
87,88.0,1965.0,,,,,,,,5000.0,,,,,3.0,1.0,2.0,3.0,3.0,,3.0,3.0,2.0,1.0,3.0,,,,,,,3.0,3.0,3.0,3.0,2.0
88,89.0,1966.0,,,,,,,,5000.0,,,,,3.0,1.0,2.0,3.0,3.0,,3.0,3.0,0.0,1.0,3.0,,,,,,,3.0,3.0,3.0,3.0,2.0
89,90.0,1967.0,,,,,,,,5000.0,,,,,3.0,1.0,2.0,3.0,3.0,,3.0,3.0,1.0,5.0,3.0,,,,,,,3.0,3.0,3.0,3.0,2.0
90,91.0,1968.0,,,,,,,,5000.0,,,,,3.0,1.0,2.0,3.0,3.0,,3.0,3.0,7.0,5.0,3.0,,,,,,,3.0,3.0,3.0,3.0,2.0
91,92.0,1969.0,,,,,,,,5000.0,,,,,3.0,1.0,2.0,3.0,3.0,,3.0,3.0,6.0,4.0,3.0,,,,,,,3.0,3.0,3.0,3.0,2.0
92,93.0,1970.0,,,,,,,,5000.0,,,,,3.0,1.0,2.0,3.0,3.0,,3.0,3.0,4.0,5.0,3.0,,,,,,,3.0,3.0,3.0,3.0,2.0
93,94.0,1971.0,,,,,,,,5000.0,,,,,3.0,1.0,2.0,3.0,3.0,,3.0,3.0,5.0,2.0,3.0,,,,,,,3.0,3.0,3.0,3.0,2.0
94,95.0,1972.0,,,,,,,,5000.0,,,,,3.0,1.0,2.0,3.0,3.0,,3.0,3.0,2.0,0.0,3.0,,,,,,,3.0,3.0,3.0,3.0,2.0
95,96.0,1973.0,,,,,,,,5000.0,,,,,3.0,1.0,2.0,3.0,3.0,,3.0,3.0,0.0,0.0,3.0,,,,,,,3.0,3.0,3.0,3.0,2.0
96,97.0,1974.0,,,,,,,,,,,,,1.0,1.0,2.0,3.0,3.0,,3.0,3.0,3.0,1.0,6.0,20000.0,,,,,,3.0,3.0,3.0,3.0,2.0
97,98.0,1975.0,,,,,,,,,,,,,7.0,1.0,2.0,3.0,3.0,,3.0,3.0,3.0,1.0,6.0,20000.0,,,,,,3.0,3.0,3.0,3.0,2.0
98,99.0,1976.0,,,,,,,,,,,,,1.0,1.0,2.0,3.0,3.0,,3.0,3.0,3.0,7.0,8.0,20000.0,,,,,,3.0,3.0,3.0,3.0,2.0
99,100.0,1977.0,,,,,,,,,,,,,7.0,1.0,2.0,3.0,3.0,,3.0,3.0,3.0,7.0,8.0,20000.0,,,,,,3.0,3.0,3.0,3.0,2.0
100,101.0,1978.0,,,,,,,,,,,,,6.0,1.0,2.0,3.0,3.0,,3.0,3.0,3.0,7.0,8.0,20000.0,,,,,,3.0,3.0,3.0,3.0,2.0
101,102.0,1979.0,,,,,,,,,,,,,1.0,1.0,2.0,3.0,3.0,,3.0,3.0,3.0,6.0,8.0,20000.0,,,,,,3.0,3.0,3.0,3.0,2.0
102,103.0,1980.0,,,,,,,,,,,,,7.0,1.0,2.0,3.0,3.0,,3.0,3.0,3.0,6.0,8.0,20000.0,,,,,,3.0,3.0,3.0,3.0,2.0
103,104.0,1981.0,,,,,,,,,,,,,6.0,1.0,2.0,3.0,3.0,,3.0,3.0,3.0,6.0,8.0,20000.0,,,,,,3.0,3.0,3.0,3.0,2.0
104,105.0,1982.0,,,,,,,,,,,,,1.0,1.0,2.0,3.0,3.0,,3.0,3.0,3.0,4.0,7.0,20000.0,,,,,,3.0,3.0,3.0,3.0,2.0
105,106.0,1983.0,,,,,,,,,,,,,7.0,1.0,2.0,3.0,3.0,,3.0,3.0,3.0,4.0,7.0,20000.0,,,,,,3.0,3.0,3.0,3.0,2.0
106,107.0,1984.0,,,,,,,,,,,,,6.0,1.0,2.0,3.0,3.0,,3.0,3.0,3.0,4.0,7.0,20000.0,,,,,,3.0,3.0,3.0,3.0,2.0
107,108.0,1985.0,,,,,,,,,,,,,1.0,1.0,2.0,3.0,3.0,,3.0,3.0,3.0,5.0,7.0,20000.0,,,,,,3.0,3.0,3.0,3.0,2.0
108,109.0,1986.0,,,,,,,,,,,,,7.0,1.0,2.0,3.0,3.0,,3.0,3.0,3.0,5.0,7.0,20000.0,,,,,,3.0,3.0,3.0,3.0,2.0
109,110.0,1987.0,,,,,,,,,,,,,6.0,1.0,2.0,3.0,3.0,,3.0,3.0,3.0,5.0,7.0,20000.0,,,,,,3.0,3.0,3.0,3.0,2.0
110,111.0,1988.0,,,,,,,,,,,,,1.0,1.0,2.0,3.0,3.0,,3.0,3.0,3.0,2.0,7.0,20000.0,,,,,,3.0,3.0,3.0,3.0,2.0
111,112.0,1989.0,,,,,,,,,,,,,7.0,1.0,2.0,3.0,3.0,,3.0,3.0,3.0,2.0,7.0,20000.0,,,,,,3.0,3.0,3.0,3.0,2.0
112,113.0,1990.0,,,,,,,,,,,,,6.0,1.0,2.0,3.0,3.0,,3.0,3.0,3.0,2.0,7.0,20000.0,,,,,,3.0,3.0,3.0,3.0,2.0
113,114.0,1991.0,,,,,,,,,,,,,1.0,1.0,2.0,3.0,3.0,,3.0,3.0,3.0,0.0,7.0,20000.0,,,,,,3.0,3.0,3.0,3.0,2.0
114,115.0,1992.0,,,,,,,,,,,,,7.0,1.0,2.0,3.0,3.0,,3.0,3.0,3.0,0.0,7.0,20000.0,,,,,,3.0,3.0,3.0,3.0,2.0
115,116.0,1993.0,,,,,,,,,,,,,6.0,1.0,2.0,3.0,3.0,,3.0,3.0,3.0,0.0,7.0,20000.0,,,,,,3.0,3.0,3.0,3.0,2.0
116,117.0,1994.0,,,,,,,,,,,,,4.0,1.0,2.0,3.0,3.0,,3.0,3.0,3.0,1.0,7.0,20000.0,,,,,,3.0,3.0,3.0,3.0,2.0
117,118.0,1995.0,,,,,,,,,,,,,4.0,1.0,2.0,3.0,3.0,,3.0,3.0,3.0,7.0,6.0,20000.0,,,,,,3.0,3.0,3.0,3.0,2.0
118,119.0,1996.0,,,,,,,,,,,,,4.0,1.0,2.0,3.0,3.0,,3.0,3.0,3.0,6.0,8.0,20000.0,,,,,,3.0,3.0,3.0,3.0,2.0
119,120.0,1997.0,,,,,,,,,,,,,4.0,1.0,2.0,3.0,3.0,,3.0,3.0,3.0,4.0,1.0,20000.0,,,,,,3.0,3.0,3.0,3.0,2.0
120,121.0,1998.0,,,,,,,,,,,,,4.0,1.0,2.0,3.0,3.0,,3.0,3.0,3.0,5.0,1.0,20000.0,,,,,,3.0,3.0,3.0,3.0,2.0
121,122.0,1999.0,,,,,,,,,,,,,4.0,1.0,2.0,3.0,3.0,,3.0,3.0,3.0,2.0,1.0,20000.0,,,,,,3.0,3.0,3.0,3.0,2.0
122,123.0,2000.0,,,,,,,,,,,,,4.0,1.0,2.0,3.0,3.0,,3.0,3.0,3.0,0.0,1.0,20000.0,,,,,,3.0,3.0,3.0,3.0,2.0
123,124.0,2001.0,,,,,,,,,,,,,4.0,1.0,2.0,3.0,3.0,,3.0,3.0,3.0,0.0,1.0,20000.0,,,,,,3.0,3.0,3.0,3.0,2.0
124,125.0,2002.0,,,,,,,,,,,,,2.0,1.0,2.0,3.0,3.0,,3.0,3.0,3.0,1.0,7.0,20000.0,,,,,,3.0,3.0,3.0,3.0,2.0
125,126.0,2003.0,,,,,,,,,,,,,0.0,1.0,2.0,3.0,3.0,,3.0,3.0,3.0,1.0,7.0,20000.0,,,,,,3.0,3.0,3.0,3.0,2.0
126,127.0,2004.0,,,,,,,,,,,,,5.0,1.0,2.0,3.0,3.0,,3.0,3.0,3.0,1.0,7.0,20000.0,,,,,,3.0,3.0,3.0,3.0,2.0
127,128.0,2005.0,,,,,,,,,,,,,2.0,1.0,2.0,3.0,3.0,,3.0,3.0,3.0,1.0,7.0,20000.0,,,,,,3.0,3.0,3.0,3.0,2.0
128,129.0,2006.0,,,,,,,,,,,,,0.0,1.0,2.0,3.0,3.0,,3.0,3.0,3.0,1.0,7.0,20000.0,,,,,,3.0,3.0,3.0,3.0,2.0
129,130.0,2007.0,,,,,,,,,,,,,5.0,1.0,2.0,3.0,3.0,,3.0,3.0,3.0,7.0,6.0,20000.0,,,,,,3.0,3.0,3.0,3.0,2.0
130,131.0,2008.0,,,,,,,,,,,,,2.0,1.0,2.0,3.0,3.0,,3.0,3.0,3.0,7.0,6.0,20000.0,,,,,,3.0,3.0,3.0,3.0,2.0
131,132.0,2009.0,,,,,,,,,,,,,0.0,1.0,2.0,3.0,3.0,,3.0,3.0,3.0,7.0,6.0,20000.0,,,,,,3.0,3.0,3.0,3.0,2.0
132,133.0,2010.0,,,,,,,,,,,,,5.0,1.0,2.0,3.0,3.0,,3.0,3.0,3.0,6.0,8.0,20000.0,,,,,,3.0,3.0,3.0,3.0,2.0
133,134.0,2011.0,,,,,,,,,,,,,2.0,1.0,2.0,3.0,3.0,,3.0,3.0,3.0,6.0,8.0,20000.0,,,,,,3.0,3.0,3.0,3.0,2.0
134,135.0,2012.0,,,,,,,,,,,,,0.0,1.0,2.0,3.0,3.0,,3.0,3.0,3.0,6.0,8.0,20000.0,,,,,,3.0,3.0,3.0,3.0,2.0
135,136.0,2013.0,,,,,,,,,,,,,5.0,1.0,2.0,3.0,3.0,,3.0,3.0,3.0,4.0,1.0,20000.0,,,,,,3.0,3.0,3.0,3.0,2.0
136,137.0,2014.0,,,,,,,,,,,,,2.0,1.0,2.0,3.0,3.0,,3.0,3.0,3.0,4.0,1.0,20000.0,,,,,,3.0,3.0,3.0,3.0,2.0
137,138.0,2015.0,,,,,,,,,,,,,0.0,1.0,2.0,3.0,3.0,,3.0,3.0,3.0,4.0,1.0,20000.0,,,,,,3.0,3.0,3.0,3.0,2.0
138,139.0,2016.0,,,,,,,,,,,,,5.0,1.0,2.0,3.0,3.0,,3.0,3.0,3.0,5.0,4.0,20000.0,,,,,,3.0,3.0,3.0,3.0,2.0
139,140.0,2017.0,,,,,,,,,,,,,2.0,1.0,2.0,3.0,3.0,,3.0,3.0,3.0,5.0,4.0,20000.0,,,,,,3.0,3.0,3.0,3.0,2.0
140,141.0,2018.0,,,,,,,,,,,,,0.0,1.0,2.0,3.0,3.0,,3.0,3.0,3.0,5.0,4.0,20000.0,,,,,,3.0,3.0,3.0,3.0,2.0
141,142.0,2019.0,,,,,,,,,,,,,5.0,1.0,2.0,3.0,3.0,,3.0,3.0,3.0,2.0,4.0,20000.0,,,,,,3.0,3.0,3.0,3.0,2.0
142,143.0,2020.0,,,,,,,,,,,,,2.0,1.0,2.0,3.0,3.0,,3.0,3.0,3.0,2.0,4.0,20000.0,,,,,,3.0,3.0,3.0,3.0,2.0
143,144.0,2021.0,,,,,,,,,,,,,0.0,1.0,2.0,3.0,3.0,,3.0,3.0,3.0,2.0,4.0,20000.0,,,,,,3.0,3.0,3.0,3.0,2.0
144,145.0,2022.0,,,,,,,,,,,,,5.0,1.0,2.0,3.0,3.0,,3.0,3.0,3.0,0.0,4.0,20000.0,,,,,,3.0,3.0,3.0,3.0,2.0
145,146.0,2023.0,,,,,,,,,,,,,2.0,1.0,2.0,3.0,3.0,,3.0,3.0,3.0,0.0,4.0,20000.0,,,,,,3.0,3.0,3.0,3.0,2.0
146,147.0,2024.0,,,,,,,,,,,,,0.0,1.0,2.0,3.0,3.0,,3.0,3.0,3.0,0.0,4.0,20000.0,,,,,,3.0,3.0,3.0,3.0,2.0
147,148.0,2025.0,,,,,,,,,,,,,1.0,1.0,2.0,3.0,3.0,,3.0,3.0,3.0,1.0,4.0,20000.0,,,,,,3.0,3.0,3.0,3.0,2.0
148,149.0,2026.0,,,,,,,,,,,,,7.0,1.0,2.0,3.0,3.0,,3.0,3.0,3.0,1.0,4.0,20000.0,,,,,,3.0,3.0,3.0,3.0,2.0
149,150.0,2027.0,,,,,,,,,,,,,6.0,1.0,2.0,3.0,3.0,,3.0,3.0,3.0,1.0,4.0,20000.0,,,,,,3.0,3.0,3.0,3.0,2.0
150,151.0,2028.0,,,,,,,,,,,,,1.0,1.0,2.0,3.0,3.0,,3.0,3.0,3.0,7.0,4.0,20000.0,,,,,,3.0,3.0,3.0,3.0,2.0
151,152.0,2029.0,,,,,,,,,,,,,7.0,1.0,2.0,3.0,3.0,,3.0,3.0,3.0,7.0,4.0,20000.0,,,,,,3.0,3.0,3.0,3.0,2.0
152,153.0,2030.0,,,,,,,,,,,,,6.0,1.0,2.0,3.0,3.0,,3.0,3.0,3.0,7.0,4.0,20000.0,,,,,,3.0,3.0,3.0,3.0,2.0
153,154.0,2031.0,,,,,,,,,,,,,1.0,1.0,2.0,3.0,3.0,,3.0,3.0,3.0,6.0,4.0,20000.0,,,,,,3.0,3.0,3.0,3.0,2.0
154,155.0,2032.0,,,,,,,,,,,,,7.0,1.0,2.0,3.0,3.0,,3.0,3.0,3.0,6.0,4.0,20000.0,,,,,,3.0,3.0,3.0,3.0,2.0
155,156.0,2033.0,,,,,,,,,,,,,6.0,1.0,2.0,3.0,3.0,,3.0,3.0,3.0,6.0,4.0,20000.0,,,,,,3.0,3.0,3.0,3.0,2.0
156,157.0,2034.0,,,,,,,,,,,,,1.0,1.0,2.0,3.0,3.0,,3.0,3.0,3.0,4.0,4.0,20000.0,,,,,,3.0,3.0,3.0,3.0,2.0
157,158.0,2035.0,,,,,,,,,,,,,7.0,1.0,2.0,3.0,3.0,,3.0,3.0,3.0,4.0,4.0,20000.0,,,,,,3.0,3.0,3.0,3.0,2.0
158,159.0,2036.0,,,,,,,,,,,,,6.0,1.0,2.0,3.0,3.0,,3.0,3.0,3.0,4.0,4.0,20000.0,,,,,,3.0,3.0,3.0,3.0,2.0
159,160.0,2037.0,,,,,,,,,,,,,1.0,1.0,2.0,3.0,3.0,,3.0,3.0,3.0,5.0,2.0,20000.0,,,,,,3.0,3.0,3.0,3.0,2.0
160,161.0,2038.0,,,,,,,,,,,,,7.0,1.0,2.0,3.0,3.0,,3.0,3.0,3.0,5.0,2.0,20000.0,,,,,,3.0,3.0,3.0,3.0,2.0
161,162.0,2039.0,,,,,,,,,,,,,6.0,1.0,2.0,3.0,3.0,,3.0,3.0,3.0,5.0,2.0,20000.0,,,,,,3.0,3.0,3.0,3.0,2.0
162,163.0,2040.0,,,,,,,,,,,,,1.0,1.0,2.0,3.0,3.0,,3.0,3.0,3.0,2.0,0.0,20000.0,,,,,,3.0,3.0,3.0,3.0,2.0
163,164.0,2041.0,,,,,,,,,,,,,7.0,1.0,2.0,3.0,3.0,,3.0,3.0,3.0,2.0,0.0,20000.0,,,,,,3.0,3.0,3.0,3.0,2.0
164,165.0,2042.0,,,,,,,,,,,,,6.0,1.0,2.0,3.0,3.0,,3.0,3.0,3.0,2.0,0.0,20000.0,,,,,,3.0,3.0,3.0,3.0,2.0
165,166.0,2043.0,,,,,,,,,,,,,1.0,1.0,2.0,3.0,3.0,,3.0,3.0,3.0,0.0,0.0,20000.0,,,,,,3.0,3.0,3.0,3.0,2.0
166,167.0,2044.0,,,,,,,,,,,,,7.0,1.0,2.0,3.0,3.0,,3.0,3.0,3.0,0.0,0.0,20000.0,,,,,,3.0,3.0,3.0,3.0,2.0
167,168.0,2045.0,,,,,,,,,,,,,6.0,1.0,2.0,3.0,3.0,,3.0,3.0,3.0,0.0,0.0,20000.0,,,,,,3.0,3.0,3.0,3.0,2.0
168,169.0,2046.0,,,,,,,,,,,,,4.0,1.0,2.0,3.0,3.0,,3.0,3.0,3.0,1.0,5.0,20000.0,,,,,,3.0,3.0,3.0,3.0,2.0
169,170.0,2047.0,,,,,,,,,,,,,4.0,1.0,2.0,3.0,3.0,,3.0,3.0,3.0,7.0,5.0,20000.0,,,,,,3.0,3.0,3.0,3.0,2.0
170,171.0,2048.0,,,,,,,,,,,,,4.0,1.0,2.0,3.0,3.0,,3.0,3.0,3.0,6.0,5.0,20000.0,,,,,,3.0,3.0,3.0,3.0,2.0
171,172.0,2049.0,,,,,,,,,,,,,4.0,1.0,2.0,3.0,3.0,,3.0,3.0,3.0,4.0,5.0,20000.0,,,,,,3.0,3.0,3.0,3.0,2.0
172,173.0,2050.0,,,,,,,,,,,,,4.0,1.0,2.0,3.0,3.0,,3.0,3.0,3.0,5.0,2.0,20000.0,,,,,,3.0,3.0,3.0,3.0,2.0
173,174.0,2051.0,,,,,,,,,,,,,4.0,1.0,2.0,3.0,3.0,,3.0,3.0,3.0,2.0,0.0,20000.0,,,,,,3.0,3.0,3.0,3.0,2.0
174,175.0,2052.0,,,,,,,,,,,,,4.0,1.0,2.0,3.0,3.0,,3.0,3.0,3.0,0.0,0.0,20000.0,,,,,,3.0,3.0,3.0,3.0,2.0
175,176.0,2053.0,,,,,,,,,,,,,5.0,1.0,2.0,3.0,3.0,,3.0,3.0,3.0,1.0,5.0,20000.0,,,,,,3.0,3.0,3.0,3.0,2.0
176,177.0,2054.0,,,,,,,,,,,,,2.0,1.0,2.0,3.0,3.0,,3.0,3.0,3.0,1.0,5.0,20000.0,,,,,,3.0,3.0,3.0,3.0,2.0
177,178.0,2055.0,,,,,,,,,,,,,0.0,1.0,2.0,3.0,3.0,,3.0,3.0,3.0,1.0,5.0,20000.0,,,,,,3.0,3.0,3.0,3.0,2.0
178,179.0,2056.0,,,,,,,,,,,,,5.0,1.0,2.0,3.0,3.0,,3.0,3.0,3.0,7.0,5.0,20000.0,,,,,,3.0,3.0,3.0,3.0,2.0
179,180.0,2057.0,,,,,,,,,,,,,6.0,1.0,2.0,3.0,3.0,,3.0,3.0,3.0,3.0,1.0,,,,,,20000.0,3.0,3.0,3.0,5.0,3.0
180,181.0,2058.0,,,,,,,,,,,,,6.0,1.0,2.0,3.0,3.0,,3.0,3.0,3.0,3.0,6.0,,,,,,20000.0,3.0,3.0,3.0,5.0,3.0
181,182.0,2059.0,,,,,,,,,,,,,6.0,1.0,2.0,3.0,3.0,,3.0,3.0,3.0,3.0,7.0,,,,,,20000.0,3.0,3.0,3.0,5.0,3.0
182,183.0,2060.0,,,,,,,,,,,,,1.0,1.0,2.0,3.0,3.0,,3.0,3.0,3.0,3.0,1.0,,,,,,20000.0,3.0,3.0,3.0,2.0,3.0
183,184.0,2061.0,,,,,,,,,,,,,1.0,1.0,2.0,3.0,3.0,,3.0,3.0,3.0,3.0,7.0,,,,,,20000.0,3.0,3.0,3.0,2.0,3.0
184,185.0,2062.0,,,,,,,,,,,,,1.0,1.0,2.0,3.0,3.0,,3.0,3.0,3.0,3.0,6.0,,,,,,20000.0,3.0,3.0,3.0,2.0,3.0
185,186.0,2063.0,,,,,,,,,,,,,6.0,1.0,2.0,3.0,3.0,,3.0,3.0,3.0,3.0,1.0,,,,,,20000.0,3.0,3.0,3.0,2.0,3.0
186,187.0,2064.0,,,,,,,,,,,,,7.0,1.0,2.0,3.0,3.0,,3.0,3.0,3.0,3.0,1.0,,,,,,20000.0,3.0,3.0,3.0,2.0,3.0
187,188.0,2065.0,,,,,,,,,,,,,1.0,1.0,2.0,3.0,3.0,,3.0,3.0,3.0,3.0,6.0,,,,,,20000.0,3.0,3.0,3.0,2.0,3.0
188,189.0,2066.0,,,,,,,,,,,,,7.0,1.0,2.0,3.0,3.0,,3.0,3.0,3.0,3.0,1.0,,,,,,20000.0,3.0,3.0,3.0,2.0,3.0
189,190.0,2067.0,,,,,,,,,,,,,6.0,1.0,2.0,3.0,3.0,,3.0,3.0,3.0,3.0,1.0,,,,,,20000.0,3.0,3.0,3.0,2.0,3.0
190,191.0,2068.0,,,,,,,,,,,,,1.0,1.0,2.0,3.0,3.0,,3.0,3.0,3.0,3.0,6.0,,,,,,20000.0,3.0,3.0,3.0,2.0,3.0
191,192.0,2069.0,,,,,,,,,,,,,7.0,1.0,2.0,3.0,3.0,,3.0,3.0,3.0,3.0,6.0,,,,,,20000.0,3.0,3.0,3.0,2.0,3.0
192,193.0,2070.0,,,,,,,,,,,,,6.0,1.0,2.0,3.0,3.0,,3.0,3.0,3.0,3.0,6.0,,,,,,20000.0,3.0,3.0,3.0,2.0,3.0
193,194.0,2071.0,,,,,,,,,,,,,1.0,1.0,2.0,3.0,3.0,,3.0,3.0,3.0,3.0,1.0,,,,,,20000.0,3.0,3.0,3.0,0.0,3.0
194,195.0,2072.0,,,,,,,,,,,,,1.0,1.0,2.0,3.0,3.0,,3.0,3.0,3.0,3.0,6.0,,,,,,20000.0,3.0,3.0,3.0,0.0,3.0
195,196.0,2073.0,,,,,,,,,,,,,1.0,1.0,2.0,3.0,3.0,,3.0,3.0,3.0,3.0,7.0,,,,,,20000.0,3.0,3.0,3.0,0.0,3.0
196,197.0,2074.0,,,,,,,,,,,,,7.0,1.0,2.0,3.0,3.0,,3.0,3.0,3.0,3.0,1.0,,,,,,20000.0,3.0,3.0,3.0,0.0,3.0
197,198.0,2075.0,,,,,,,,,,,,,6.0,1.0,2.0,3.0,3.0,,3.0,3.0,3.0,3.0,1.0,,,,,,20000.0,3.0,3.0,3.0,0.0,3.0
198,199.0,2076.0,,,,,,,,,,,,,7.0,1.0,2.0,3.0,3.0,,3.0,3.0,3.0,3.0,6.0,,,,,,20000.0,3.0,3.0,3.0,0.0,3.0
199,200.0,2077.0,,,,,,,,,,,,,7.0,1.0,2.0,3.0,3.0,,3.0,3.0,3.0,3.0,7.0,,,,,,20000.0,3.0,3.0,3.0,0.0,3.0
200,201.0,2078.0,,,,,,,,,,,,,6.0,1.0,2.0,3.0,3.0,,3.0,3.0,3.0,3.0,1.0,,,,,,20000.0,3.0,3.0,3.0,0.0,3.0
201,202.0,2079.0,,,,,,,,,,,,,6.0,1.0,2.0,3.0,3.0,,3.0,3.0,3.0,3.0,6.0,,,,,,20000.0,3.0,3.0,3.0,0.0,3.0
202,203.0,2080.0,,,,,,,,,,,,,6.0,1.0,2.0,3.0,3.0,,3.0,3.0,3.0,3.0,6.0,,,,,,20000.0,3.0,3.0,3.0,0.0,3.0
203,204.0,2081.0,,,,,,,,,,,,,6.0,1.0,2.0,3.0,3.0,,3.0,3.0,3.0,3.0,7.0,,,,,,20000.0,3.0,3.0,3.0,0.0,3.0
204,205.0,2082.0,,,,,,,,,,,,,1.0,1.0,2.0,3.0,3.0,,3.0,3.0,3.0,3.0,4.0,,,,,,20000.0,3.0,3.0,3.0,1.0,3.0
205,206.0,2083.0,,,,,,,,,,,,,7.0,1.0,2.0,3.0,3.0,,3.0,3.0,3.0,3.0,4.0,,,,,,20000.0,3.0,3.0,3.0,1.0,3.0
206,207.0,2084.0,,,,,,,,,,,,,7.0,1.0,2.0,3.0,3.0,,3.0,3.0,3.0,3.0,4.0,,,,,,20000.0,3.0,3.0,3.0,1.0,3.0
207,208.0,2085.0,,,,,,,,,,,,,5.0,1.0,2.0,3.0,3.0,,3.0,3.0,3.0,3.0,5.0,,,,,,20000.0,3.0,3.0,3.0,0.0,0.0
208,209.0,2086.0,,,,,,,,,,,,,5.0,1.0,2.0,3.0,3.0,,3.0,3.0,3.0,3.0,2.0,,,,,,20000.0,3.0,3.0,3.0,0.0,0.0
209,210.0,2087.0,,,,,,,,,,,,,5.0,1.0,2.0,3.0,3.0,,3.0,3.0,3.0,3.0,0.0,,,,,,20000.0,3.0,3.0,3.0,0.0,0.0
210,211.0,2088.0,,,,,,,,,,,,,2.0,1.0,2.0,3.0,3.0,,3.0,3.0,3.0,3.0,5.0,,,,,,20000.0,3.0,3.0,3.0,0.0,0.0
211,212.0,2089.0,,,,,,,,,,,,,2.0,1.0,2.0,3.0,3.0,,3.0,3.0,3.0,3.0,2.0,,,,,,20000.0,3.0,3.0,3.0,0.0,0.0
212,213.0,2090.0,,,,,,,,,,,,,2.0,1.0,2.0,3.0,3.0,,3.0,3.0,3.0,3.0,0.0,,,,,,20000.0,3.0,3.0,3.0,0.0,0.0
213,214.0,2091.0,,,,,,,,,,,,,0.0,1.0,2.0,3.0,3.0,,3.0,3.0,3.0,3.0,5.0,,,,,,20000.0,3.0,3.0,3.0,0.0,0.0
214,215.0,2092.0,,,,,,,,,,,,,0.0,1.0,2.0,3.0,3.0,,3.0,3.0,3.0,3.0,2.0,,,,,,20000.0,3.0,3.0,3.0,0.0,0.0
215,216.0,2093.0,,,,,,,,,,,,,0.0,1.0,2.0,3.0,3.0,,3.0,3.0,3.0,3.0,0.0,,,,,,20000.0,3.0,3.0,3.0,0.0,0.0
216,217.0,2094.0,,,,,,,,,,,,,0.0,1.0,2.0,3.0,3.0,,3.0,3.0,3.0,3.0,0.0,,,,,,20000.0,3.0,3.0,3.0,0.0,0.0
217,218.0,2095.0,,,,,,,,,,,,,5.0,1.0,2.0,3.0,3.0,,3.0,3.0,3.0,3.0,5.0,,,,,,20000.0,3.0,3.0,3.0,5.0,0.0
218,219.0,2096.0,,,,,,,,,,,,,2.0,1.0,2.0,3.0,3.0,,3.0,3.0,3.0,3.0,5.0,,,,,,20000.0,3.0,3.0,3.0,5.0,0.0
219,220.0,2097.0,,,,,,,,,,,,,0.0,1.0,2.0,3.0,3.0,,3.0,3.0,3.0,3.0,5.0,,,,,,20000.0,3.0,3.0,3.0,5.0,0.0
220,221.0,2098.0,,,,,,,,,,,,,2.0,1.0,2.0,3.0,3.0,,3.0,3.0,3.0,3.0,2.0,,,,,,20000.0,3.0,3.0,3.0,5.0,0.0
221,222.0,2099.0,,,,,,,,,,,,,0.0,1.0,2.0,3.0,3.0,,3.0,3.0,3.0,3.0,2.0,,,,,,20000.0,3.0,3.0,3.0,5.0,0.0
222,223.0,2100.0,,,,,,,,,,,,,0.0,1.0,2.0,3.0,3.0,,3.0,3.0,3.0,3.0,0.0,,,,,,20000.0,3.0,3.0,3.0,5.0,0.0
223,224.0,2101.0,,,,,,,,,,,,,5.0,1.0,2.0,3.0,3.0,,3.0,3.0,3.0,3.0,0.0,,,,,,20000.0,3.0,3.0,3.0,5.0,0.0
224,225.0,2102.0,,,,,,,,,,,,,2.0,1.0,2.0,3.0,3.0,,3.0,3.0,3.0,3.0,0.0,,,,,,20000.0,3.0,3.0,3.0,5.0,0.0
225,226.0,2103.0,,,,,,,,,,,,,5.0,1.0,2.0,3.0,3.0,,3.0,3.0,3.0,3.0,5.0,,,,,,20000.0,3.0,3.0,3.0,4.0,1.0
226,227.0,2104.0,,,,,,,,,,,,,5.0,1.0,2.0,3.0,3.0,,3.0,3.0,3.0,3.0,2.0,,,,,,20000.0,3.0,3.0,3.0,4.0,1.0
227,228.0,2105.0,,,,,,,,,,,,,5.0,1.0,2.0,3.0,3.0,,3.0,3.0,3.0,3.0,0.0,,,,,,20000.0,3.0,3.0,3.0,4.0,1.0
228,229.0,2106.0,,,,,,,,,,,,,2.0,1.0,2.0,3.0,3.0,,3.0,3.0,3.0,3.0,5.0,,,,,,20000.0,3.0,3.0,3.0,4.0,1.0
229,230.0,2107.0,,,,,,,,,,,,,2.0,1.0,2.0,3.0,3.0,,3.0,3.0,3.0,3.0,2.0,,,,,,20000.0,3.0,3.0,3.0,4.0,1.0
230,231.0,2108.0,,,,,,,,,,,,,2.0,1.0,2.0,3.0,3.0,,3.0,3.0,3.0,3.0,0.0,,,,,,20000.0,3.0,3.0,3.0,4.0,1.0
231,232.0,2109.0,,,,,,,,,,,,,0.0,1.0,2.0,3.0,3.0,,3.0,3.0,3.0,3.0,2.0,,,,,,20000.0,3.0,3.0,3.0,4.0,1.0
232,233.0,2110.0,,,,,,,,,,,,,0.0,1.0,2.0,3.0,3.0,,3.0,3.0,3.0,3.0,5.0,,,,,,20000.0,3.0,3.0,3.0,4.0,1.0
233,234.0,2111.0,,,,,,,,,,,,,0.0,1.0,2.0,3.0,3.0,,3.0,3.0,3.0,3.0,0.0,,,,,,20000.0,3.0,3.0,3.0,4.0,1.0
234,235.0,2112.0,,,,,,,,,,,,,0.0,1.0,2.0,3.0,3.0,,3.0,3.0,3.0,3.0,0.0,,,,,,20000.0,3.0,3.0,3.0,6.0,1.0
235,236.0,2113.0,,,,,,,,,,,,,5.0,1.0,2.0,3.0,3.0,,3.0,3.0,3.0,3.0,0.0,,,,,,20000.0,3.0,3.0,3.0,6.0,1.0
236,237.0,2114.0,,,,,,,,,,,,,2.0,1.0,2.0,3.0,3.0,,3.0,3.0,3.0,3.0,0.0,,,,,,20000.0,3.0,3.0,3.0,6.0,1.0
237,238.0,2115.0,,,,,,,,,,,,,2.0,1.0,2.0,3.0,3.0,,3.0,3.0,3.0,3.0,2.0,,,,,,20000.0,3.0,3.0,3.0,6.0,1.0
238,239.0,2116.0,,,,,,,,,,,,,5.0,1.0,2.0,3.0,3.0,,3.0,3.0,3.0,3.0,2.0,,,,,,20000.0,3.0,3.0,3.0,6.0,1.0
239,240.0,2117.0,,,,,,,,,,,,,0.0,1.0,2.0,3.0,3.0,,3.0,3.0,3.0,3.0,2.0,,,,,,20000.0,3.0,3.0,3.0,6.0,1.0
240,241.0,2118.0,,,,,,,,,,,,,0.0,1.0,2.0,3.0,3.0,,3.0,3.0,3.0,3.0,5.0,,,,,,20000.0,3.0,3.0,3.0,6.0,1.0
241,242.0,2119.0,,,,,,,,,,,,,0.0,1.0,2.0,3.0,3.0,,3.0,3.0,3.0,3.0,0.0,,,,,,20000.0,3.0,3.0,3.0,6.0,1.0
242,243.0,2120.0,,,,,,,,,,,,,1.0,1.0,2.0,3.0,3.0,,3.0,3.0,3.0,6.0,8.0,20000.0,,,,,,3.0,3.0,3.0,3.0,2.0
243,244.0,2121.0,,,,,,,,,,,,,7.0,1.0,2.0,3.0,3.0,,3.0,3.0,3.0,6.0,8.0,20000.0,,,,,,3.0,3.0,3.0,3.0,2.0
244,245.0,2122.0,,,,,,,,,,,,,1.0,1.0,2.0,3.0,3.0,,3.0,3.0,3.0,4.0,7.0,20000.0,,,,,,3.0,3.0,3.0,3.0,2.0
245,246.0,2123.0,,,,,,,,,,,,,7.0,1.0,2.0,3.0,3.0,,3.0,3.0,3.0,4.0,7.0,20000.0,,,,,,3.0,3.0,3.0,3.0,2.0
246,247.0,2124.0,,,,,,,,,,,,,1.0,1.0,2.0,3.0,3.0,,3.0,3.0,3.0,5.0,7.0,20000.0,,,,,,3.0,3.0,3.0,3.0,2.0
247,248.0,2125.0,,,,,,,,,,,,,7.0,1.0,2.0,3.0,3.0,,3.0,3.0,3.0,5.0,7.0,20000.0,,,,,,3.0,3.0,3.0,3.0,2.0
248,249.0,2126.0,,,,,,,,,,,,,1.0,1.0,2.0,3.0,3.0,,3.0,3.0,3.0,5.0,7.0,20000.0,,,,,,3.0,3.0,3.0,3.0,2.0
249,250.0,2127.0,,,,,,,,,,,,,1.0,1.0,2.0,3.0,3.0,,3.0,3.0,3.0,2.0,7.0,20000.0,,,,,,3.0,3.0,3.0,3.0,2.0
250,251.0,2128.0,,,,,,,,,,,,,1.0,1.0,2.0,3.0,3.0,,3.0,3.0,3.0,2.0,7.0,20000.0,,,,,,3.0,3.0,3.0,3.0,2.0
251,252.0,2129.0,,,,,,,,,,,,,7.0,1.0,2.0,3.0,3.0,,3.0,3.0,3.0,2.0,7.0,20000.0,,,,,,3.0,3.0,3.0,3.0,2.0
252,253.0,2130.0,,,,,,,,,,,,,2.0,1.0,2.0,3.0,3.0,,3.0,3.0,3.0,0.0,7.0,20000.0,,,,,,3.0,3.0,3.0,3.0,2.0
253,254.0,2131.0,,,,,,,,,,,,,7.0,1.0,2.0,3.0,3.0,,3.0,3.0,3.0,0.0,7.0,20000.0,,,,,,3.0,3.0,3.0,3.0,2.0
254,255.0,2132.0,,,,,,,,,,,,,4.0,1.0,2.0,3.0,3.0,,3.0,3.0,3.0,1.0,7.0,20000.0,,,,,,3.0,3.0,3.0,3.0,2.0
255,256.0,2133.0,,,,,,,,,,,,,4.0,1.0,2.0,3.0,3.0,,3.0,3.0,3.0,7.0,6.0,20000.0,,,,,,3.0,3.0,3.0,3.0,2.0
256,257.0,2134.0,,,,,,,,,,,,,4.0,1.0,2.0,3.0,3.0,,3.0,3.0,3.0,7.0,6.0,20000.0,,,,,,3.0,3.0,3.0,3.0,2.0
257,258.0,2135.0,,,,,,,,,,,,,4.0,1.0,2.0,3.0,3.0,,3.0,3.0,3.0,6.0,8.0,20000.0,,,,,,3.0,3.0,3.0,3.0,2.0
258,259.0,2136.0,,,,,,,,,,,,,4.0,1.0,2.0,3.0,3.0,,3.0,3.0,3.0,4.0,1.0,20000.0,,,,,,3.0,3.0,3.0,3.0,2.0
259,260.0,2137.0,,,,,,,,,,,,,4.0,1.0,2.0,3.0,3.0,,3.0,3.0,3.0,5.0,1.0,20000.0,,,,,,3.0,3.0,3.0,3.0,2.0
260,261.0,2138.0,,,,,,,,,,,,,4.0,1.0,2.0,3.0,3.0,,3.0,3.0,3.0,2.0,1.0,20000.0,,,,,,3.0,3.0,3.0,3.0,2.0
261,262.0,2139.0,,,,,,,,,,,,,4.0,1.0,2.0,3.0,3.0,,3.0,3.0,3.0,0.0,1.0,20000.0,,,,,,3.0,3.0,3.0,3.0,2.0
262,263.0,2140.0,,,,,,,,,,,,,5.0,1.0,2.0,3.0,3.0,,3.0,3.0,3.0,1.0,7.0,20000.0,,,,,,3.0,3.0,3.0,3.0,2.0
263,264.0,2141.0,,,,,,,,,,,,,2.0,1.0,2.0,3.0,3.0,,3.0,3.0,3.0,1.0,7.0,20000.0,,,,,,3.0,3.0,3.0,3.0,2.0
264,265.0,2142.0,,,,,,,,,,,,,0.0,1.0,2.0,3.0,3.0,,3.0,3.0,3.0,1.0,7.0,20000.0,,,,,,3.0,3.0,3.0,3.0,2.0
265,266.0,2143.0,,,,,,,,,,,,,5.0,1.0,2.0,3.0,3.0,,3.0,3.0,3.0,7.0,6.0,20000.0,,,,,,3.0,3.0,3.0,3.0,2.0
266,267.0,2144.0,,,,,,,,,,,,,2.0,1.0,2.0,3.0,3.0,,3.0,3.0,3.0,7.0,6.0,20000.0,,,,,,3.0,3.0,3.0,3.0,2.0
267,268.0,2145.0,,,,,,,,,,,,,0.0,1.0,2.0,3.0,3.0,,3.0,3.0,3.0,7.0,6.0,20000.0,,,,,,3.0,3.0,3.0,3.0,2.0
268,269.0,2146.0,,,,,,,,,,,,,5.0,1.0,2.0,3.0,3.0,,3.0,3.0,3.0,6.0,8.0,20000.0,,,,,,3.0,3.0,3.0,3.0,2.0
269,270.0,2147.0,,,,,,,,,,,,,5.0,1.0,2.0,3.0,3.0,,3.0,3.0,3.0,6.0,8.0,20000.0,,,,,,3.0,3.0,3.0,3.0,2.0
270,271.0,2148.0,,,,,,,,,,,,,2.0,1.0,2.0,3.0,3.0,,3.0,3.0,3.0,6.0,8.0,20000.0,,,,,,3.0,3.0,3.0,3.0,2.0
271,272.0,2149.0,,,,,,,,,,,,,0.0,1.0,2.0,3.0,3.0,,3.0,3.0,3.0,6.0,8.0,20000.0,,,,,,3.0,3.0,3.0,3.0,2.0
272,273.0,2150.0,,,,,,,,,,,,,5.0,1.0,2.0,3.0,3.0,,3.0,3.0,3.0,4.0,1.0,20000.0,,,,,,3.0,3.0,3.0,3.0,2.0
273,274.0,2151.0,,,,,,,,,,,,,2.0,1.0,2.0,3.0,3.0,,3.0,3.0,3.0,4.0,1.0,20000.0,,,,,,3.0,3.0,3.0,3.0,2.0
274,275.0,2152.0,,,,,,,,,,,,,0.0,1.0,2.0,3.0,3.0,,3.0,3.0,3.0,4.0,1.0,20000.0,,,,,,3.0,3.0,3.0,3.0,2.0
275,276.0,2153.0,,,,,,,,,,,,,5.0,1.0,2.0,3.0,3.0,,3.0,3.0,3.0,5.0,4.0,20000.0,,,,,,3.0,3.0,3.0,3.0,2.0
276,277.0,2154.0,,,,,,,,,,,,,2.0,1.0,2.0,3.0,3.0,,3.0,3.0,3.0,5.0,4.0,20000.0,,,,,,3.0,3.0,3.0,3.0,2.0
277,278.0,2155.0,,,,,,,,,,,,,0.0,1.0,2.0,3.0,3.0,,3.0,3.0,3.0,5.0,4.0,20000.0,,,,,,3.0,3.0,3.0,3.0,2.0
278,279.0,2156.0,,,,,,,,,,,,,5.0,1.0,2.0,3.0,3.0,,3.0,3.0,3.0,2.0,4.0,20000.0,,,,,,3.0,3.0,3.0,3.0,2.0
279,280.0,2157.0,,,,,,,,,,,,,2.0,1.0,2.0,3.0,3.0,,3.0,3.0,3.0,2.0,4.0,20000.0,,,,,,3.0,3.0,3.0,3.0,2.0
280,281.0,2158.0,,,,,,,,,,,,,0.0,1.0,2.0,3.0,3.0,,3.0,3.0,3.0,2.0,4.0,20000.0,,,,,,3.0,3.0,3.0,3.0,2.0
281,282.0,2159.0,,,,,,,,,,,,,5.0,1.0,2.0,3.0,3.0,,3.0,3.0,3.0,0.0,4.0,20000.0,,,,,,3.0,3.0,3.0,3.0,2.0
282,283.0,2160.0,,,,,,,,,,,,,2.0,1.0,2.0,3.0,3.0,,3.0,3.0,3.0,0.0,4.0,20000.0,,,,,,3.0,3.0,3.0,3.0,2.0
283,284.0,2161.0,,,,,,,,,,,,,0.0,1.0,2.0,3.0,3.0,,3.0,3.0,3.0,0.0,4.0,20000.0,,,,,,3.0,3.0,3.0,3.0,2.0
284,285.0,2162.0,,,,,,,,,,,,,1.0,1.0,2.0,3.0,3.0,,3.0,3.0,3.0,1.0,4.0,20000.0,,,,,,3.0,3.0,3.0,3.0,2.0
285,286.0,2163.0,,,,,,,,,,,,,1.0,1.0,2.0,3.0,3.0,,3.0,3.0,3.0,1.0,4.0,20000.0,,,,,,3.0,3.0,3.0,3.0,2.0
286,287.0,2164.0,,,,,,,,,,,,,7.0,1.0,2.0,3.0,3.0,,3.0,3.0,3.0,1.0,4.0,20000.0,,,,,,3.0,3.0,3.0,3.0,2.0
287,288.0,2165.0,,,,,,,,,,,,,6.0,1.0,2.0,3.0,3.0,,3.0,3.0,3.0,1.0,4.0,20000.0,,,,,,3.0,3.0,3.0,3.0,2.0
288,289.0,2166.0,,,,,,,,,,,,,1.0,1.0,2.0,3.0,3.0,,3.0,3.0,3.0,7.0,4.0,20000.0,,,,,,3.0,3.0,3.0,3.0,2.0
289,290.0,2167.0,,,,,,,,,,,,,7.0,1.0,2.0,3.0,3.0,,3.0,3.0,3.0,7.0,4.0,20000.0,,,,,,3.0,3.0,3.0,3.0,2.0
290,291.0,2168.0,,,,,,,,,,,,,6.0,1.0,2.0,3.0,3.0,,3.0,3.0,3.0,7.0,4.0,20000.0,,,,,,3.0,3.0,3.0,3.0,2.0
291,292.0,2169.0,,,,,,,,,,,,,1.0,1.0,2.0,3.0,3.0,,3.0,3.0,3.0,6.0,4.0,20000.0,,,,,,3.0,3.0,3.0,3.0,2.0
292,293.0,2170.0,,,,,,,,,,,,,7.0,1.0,2.0,3.0,3.0,,3.0,3.0,3.0,6.0,4.0,20000.0,,,,,,3.0,3.0,3.0,3.0,2.0
293,294.0,2171.0,,,,,,,,,,,,,6.0,1.0,2.0,3.0,3.0,,3.0,3.0,3.0,6.0,4.0,20000.0,,,,,,3.0,3.0,3.0,3.0,2.0
294,295.0,2172.0,,,,,,,,,,,,,1.0,1.0,2.0,3.0,3.0,,3.0,3.0,3.0,4.0,4.0,20000.0,,,,,,3.0,3.0,3.0,3.0,2.0
295,296.0,2173.0,,,,,,,,,,,,,7.0,1.0,2.0,3.0,3.0,,3.0,3.0,3.0,4.0,4.0,20000.0,,,,,,3.0,3.0,3.0,3.0,2.0
296,297.0,2174.0,,,,,,,,,,,,,6.0,1.0,2.0,3.0,3.0,,3.0,3.0,3.0,4.0,4.0,20000.0,,,,,,3.0,3.0,3.0,3.0,2.0
297,298.0,2175.0,,,,,,,,,,,,,1.0,1.0,2.0,3.0,3.0,,3.0,3.0,3.0,5.0,2.0,20000.0,,,,,,3.0,3.0,3.0,3.0,2.0
298,299.0,2176.0,,,,,,,,,,,,,7.0,1.0,2.0,3.0,3.0,,3.0,3.0,3.0,5.0,2.0,20000.0,,,,,,3.0,3.0,3.0,3.0,2.0
299,300.0,2177.0,,,,,,,,,,,,,1.0,1.0,2.0,3.0,3.0,,3.0,3.0,3.0,2.0,0.0,20000.0,,,,,,3.0,3.0,3.0,3.0,2.0
300,301.0,2178.0,,,,,,,,,,,,,7.0,1.0,2.0,3.0,3.0,,3.0,3.0,3.0,2.0,0.0,20000.0,,,,,,3.0,3.0,3.0,3.0,2.0
301,302.0,2179.0,,,,,,,,,,,,,6.0,1.0,2.0,3.0,3.0,,3.0,3.0,3.0,2.0,0.0,20000.0,,,,,,3.0,3.0,3.0,3.0,2.0
302,303.0,2180.0,,,,,,,,,,,,,1.0,1.0,2.0,3.0,3.0,,3.0,3.0,3.0,0.0,0.0,20000.0,,,,,,3.0,3.0,3.0,3.0,2.0
303,304.0,2181.0,,,,,,,,,,,,,7.0,1.0,2.0,3.0,3.0,,3.0,3.0,3.0,0.0,0.0,20000.0,,,,,,3.0,3.0,3.0,3.0,2.0
304,305.0,2182.0,,,,,,,,,,,,,6.0,1.0,2.0,3.0,3.0,,3.0,3.0,3.0,0.0,0.0,20000.0,,,,,,3.0,3.0,3.0,3.0,2.0
305,306.0,2183.0,,,,,,,,,,,,,4.0,1.0,2.0,3.0,3.0,,3.0,3.0,3.0,1.0,5.0,20000.0,,,,,,3.0,3.0,3.0,3.0,2.0
306,307.0,2184.0,,,,,,,,,,,,,4.0,1.0,2.0,3.0,3.0,,3.0,3.0,3.0,7.0,5.0,20000.0,,,,,,3.0,3.0,3.0,3.0,2.0
307,308.0,2185.0,,,,,,,,,,,,,4.0,1.0,2.0,3.0,3.0,,3.0,3.0,3.0,7.0,5.0,20000.0,,,,,,3.0,3.0,3.0,3.0,2.0
308,309.0,2186.0,,,,,,,,,,,,,4.0,1.0,2.0,3.0,3.0,,3.0,3.0,3.0,4.0,5.0,20000.0,,,,,,3.0,3.0,3.0,3.0,2.0
309,310.0,2187.0,,,,,,,,,,,,,4.0,1.0,2.0,3.0,3.0,,3.0,3.0,3.0,5.0,2.0,20000.0,,,,,,3.0,3.0,3.0,3.0,2.0
310,311.0,2188.0,,,,,,,,,,,,,4.0,1.0,2.0,3.0,3.0,,3.0,3.0,3.0,2.0,0.0,20000.0,,,,,,3.0,3.0,3.0,3.0,2.0
311,312.0,2189.0,,,,,,,,,,,,,4.0,1.0,2.0,3.0,3.0,,3.0,3.0,3.0,0.0,0.0,20000.0,,,,,,3.0,3.0,3.0,3.0,2.0
312,313.0,2190.0,,,,,,,,,,,,,5.0,1.0,2.0,3.0,3.0,,3.0,3.0,3.0,1.0,5.0,20000.0,,,,,,3.0,3.0,3.0,3.0,2.0
313,314.0,2191.0,,,,,,,,,,,,,2.0,1.0,2.0,3.0,3.0,,3.0,3.0,3.0,1.0,5.0,20000.0,,,,,,3.0,3.0,3.0,3.0,2.0
314,315.0,2192.0,,,,,,,,,,,,,0.0,1.0,2.0,3.0,3.0,,3.0,3.0,3.0,1.0,5.0,20000.0,,,,,,3.0,3.0,3.0,3.0,2.0
315,316.0,2193.0,,,,,,,,,,,,,5.0,1.0,2.0,3.0,3.0,,3.0,3.0,3.0,7.0,5.0,20000.0,,,,,,3.0,3.0,3.0,3.0,2.0
316,317.0,2194.0,,,,,,,,,,,,,5.0,1.0,2.0,3.0,3.0,,3.0,3.0,3.0,7.0,5.0,20000.0,,,,,,3.0,3.0,3.0,3.0,2.0
317,318.0,2195.0,,,,,,,,,,,,,2.0,1.0,2.0,3.0,3.0,,3.0,3.0,3.0,7.0,5.0,20000.0,,,,,,3.0,3.0,3.0,3.0,2.0
318,319.0,2196.0,,,,,,,,,,,,,0.0,1.0,2.0,3.0,3.0,,3.0,3.0,3.0,7.0,5.0,20000.0,,,,,,3.0,3.0,3.0,3.0,2.0
319,320.0,2197.0,,,,,,,,,,,,,5.0,1.0,2.0,3.0,3.0,,3.0,3.0,3.0,6.0,5.0,20000.0,,,,,,3.0,3.0,3.0,3.0,2.0
320,321.0,2198.0,,,,,,,,,,,,,2.0,1.0,2.0,3.0,3.0,,3.0,3.0,3.0,6.0,5.0,20000.0,,,,,,3.0,3.0,3.0,3.0,2.0
321,322.0,2199.0,,,,,,,,,,,,,2.0,1.0,2.0,3.0,3.0,,3.0,3.0,3.0,6.0,0.0,20000.0,,,,,,3.0,3.0,3.0,3.0,2.0
322,323.0,2200.0,,,,,,,,,,,,,5.0,1.0,2.0,3.0,3.0,,3.0,3.0,3.0,6.0,5.0,20000.0,,,,,,3.0,3.0,3.0,3.0,2.0
323,324.0,2201.0,,,,,,,,,,,,,2.0,1.0,2.0,3.0,3.0,,3.0,3.0,3.0,6.0,5.0,20000.0,,,,,,3.0,3.0,3.0,3.0,2.0
324,325.0,2202.0,,,,,,,,,,,,,0.0,1.0,2.0,3.0,3.0,,3.0,3.0,3.0,6.0,5.0,20000.0,,,,,,3.0,3.0,3.0,3.0,2.0
325,326.0,2203.0,,,,,,,,,,,,,5.0,1.0,2.0,3.0,3.0,,3.0,3.0,3.0,4.0,5.0,20000.0,,,,,,3.0,3.0,3.0,3.0,2.0
326,327.0,2204.0,,,,,,,,,,,,,2.0,1.0,2.0,3.0,3.0,,3.0,3.0,3.0,4.0,5.0,20000.0,,,,,,3.0,3.0,3.0,3.0,2.0
327,328.0,2205.0,,,,,,,,,,,,,0.0,1.0,2.0,3.0,3.0,,3.0,3.0,3.0,4.0,5.0,20000.0,,,,,,3.0,3.0,3.0,3.0,2.0
328,329.0,2206.0,,,,,,,,,,,,,5.0,1.0,2.0,3.0,3.0,,3.0,3.0,3.0,5.0,2.0,20000.0,,,,,,3.0,3.0,3.0,3.0,2.0
329,330.0,2207.0,,,,,,,,,,,,,2.0,1.0,2.0,3.0,3.0,,3.0,3.0,3.0,5.0,2.0,20000.0,,,,,,3.0,3.0,3.0,3.0,2.0
330,331.0,2208.0,,,,,,,,,,,,,0.0,1.0,2.0,3.0,3.0,,3.0,3.0,3.0,5.0,2.0,20000.0,,,,,,3.0,3.0,3.0,3.0,2.0
331,332.0,2209.0,,,,,,,,,,,,,5.0,1.0,2.0,3.0,3.0,,3.0,3.0,3.0,2.0,0.0,20000.0,,,,,,3.0,3.0,3.0,3.0,2.0
332,333.0,2210.0,,,,,,,,,,,,,2.0,1.0,2.0,3.0,3.0,,3.0,3.0,3.0,2.0,0.0,20000.0,,,,,,3.0,3.0,3.0,3.0,2.0
333,334.0,2211.0,,,,,,,,,,,,,2.0,1.0,2.0,3.0,3.0,,3.0,3.0,3.0,2.0,0.0,20000.0,,,,,,3.0,3.0,3.0,3.0,2.0
334,335.0,2212.0,,,,,,,,,,,,,0.0,1.0,2.0,3.0,3.0,,3.0,3.0,3.0,2.0,0.0,20000.0,,,,,,3.0,3.0,3.0,3.0,2.0
335,336.0,2213.0,,,,,,,,,,,,,5.0,1.0,2.0,3.0,3.0,,3.0,3.0,3.0,0.0,0.0,20000.0,,,,,,3.0,3.0,3.0,3.0,2.0
336,337.0,2214.0,,,,,,,,,,,,,2.0,1.0,2.0,3.0,3.0,,3.0,3.0,3.0,0.0,0.0,20000.0,,,,,,3.0,3.0,3.0,3.0,2.0
337,338.0,2215.0,,,,,,,,,,,,,0.0,1.0,2.0,3.0,3.0,,3.0,3.0,3.0,0.0,0.0,20000.0,,,,,,3.0,3.0,3.0,3.0,2.0
338,339.0,2216.0,,,,,,,,,,,,,3.0,1.0,2.0,3.0,3.0,,3.0,3.0,3.0,3.0,1.0,,5000.0,,,,,7.0,3.0,3.0,3.0,2.0
339,340.0,2217.0,,,,,,,,,,,,,3.0,1.0,2.0,3.0,3.0,,3.0,3.0,3.0,3.0,7.0,,5000.0,,,,,6.0,3.0,3.0,3.0,2.0
340,341.0,2218.0,,,,,,,,,,,,,3.0,1.0,2.0,3.0,3.0,,3.0,3.0,3.0,3.0,6.0,,5000.0,,,,,8.0,3.0,3.0,3.0,2.0
341,342.0,2219.0,,,,,,,,,,,,,3.0,1.0,2.0,3.0,3.0,,3.0,3.0,3.0,3.0,4.0,,5000.0,,,,,1.0,3.0,3.0,3.0,2.0
342,343.0,2220.0,,,,,,,,,,,,,3.0,1.0,2.0,3.0,3.0,,3.0,3.0,3.0,3.0,5.0,,5000.0,,,,,1.0,3.0,3.0,3.0,2.0
343,344.0,2221.0,,,,,,,,,,,,,3.0,1.0,2.0,3.0,3.0,,3.0,3.0,3.0,3.0,0.0,,5000.0,,,,,1.0,3.0,3.0,3.0,2.0
344,345.0,2222.0,,,,,,,,,,,,,3.0,1.0,2.0,3.0,3.0,,3.0,3.0,3.0,3.0,1.0,,5000.0,,,,,5.0,3.0,3.0,3.0,2.0
345,346.0,2223.0,,,,,,,,,,,,,3.0,1.0,2.0,3.0,3.0,,3.0,3.0,3.0,3.0,7.0,,5000.0,,,,,5.0,3.0,3.0,3.0,2.0
346,347.0,2224.0,,,,,,,,,,,,,3.0,1.0,2.0,3.0,3.0,,3.0,3.0,3.0,3.0,6.0,,5000.0,,,,,4.0,3.0,3.0,3.0,2.0
347,348.0,2225.0,,,,,,,,,,,,,3.0,1.0,2.0,3.0,3.0,,3.0,3.0,3.0,3.0,4.0,,5000.0,,,,,5.0,3.0,3.0,3.0,2.0
348,349.0,2226.0,,,,,,,,,,,,,3.0,1.0,2.0,3.0,3.0,,3.0,3.0,3.0,3.0,5.0,,5000.0,,,,,2.0,3.0,3.0,3.0,2.0
349,350.0,2227.0,,,,,,,,,,,,,3.0,1.0,2.0,3.0,3.0,,3.0,3.0,3.0,3.0,2.0,,5000.0,,,,,0.0,3.0,3.0,3.0,2.0
350,351.0,2228.0,,,,,,,,,,,,,3.0,1.0,2.0,3.0,3.0,,3.0,3.0,3.0,3.0,0.0,,5000.0,,,,,0.0,3.0,3.0,3.0,2.0
351,352.0,2229.0,,,,,,,,,,,,,3.0,1.0,2.0,3.0,3.0,,3.0,3.0,3.0,3.0,3.0,,,5000.0,,,,1.0,7.0,3.0,3.0,2.0
352,353.0,2230.0,,,,,,,,,,,,,3.0,1.0,2.0,3.0,3.0,,3.0,3.0,3.0,3.0,3.0,,,5000.0,,,,7.0,8.0,3.0,3.0,2.0
353,354.0,2231.0,,,,,,,,,,,,,3.0,1.0,2.0,3.0,3.0,,3.0,3.0,3.0,3.0,3.0,,,5000.0,,,,6.0,8.0,3.0,3.0,2.0
354,355.0,2232.0,,,,,,,,,,,,,3.0,1.0,2.0,3.0,3.0,,3.0,3.0,3.0,3.0,3.0,,,5000.0,,,,4.0,1.0,3.0,3.0,2.0
355,356.0,2233.0,,,,,,,,,,,,,3.0,1.0,2.0,3.0,3.0,,3.0,3.0,3.0,3.0,3.0,,,5000.0,,,,5.0,1.0,3.0,3.0,2.0
356,357.0,2234.0,,,,,,,,,,,,,3.0,1.0,2.0,3.0,3.0,,3.0,3.0,3.0,3.0,3.0,,,5000.0,,,,2.0,1.0,3.0,3.0,2.0
357,358.0,2235.0,,,,,,,,,,,,,3.0,1.0,2.0,3.0,3.0,,3.0,3.0,3.0,3.0,3.0,,,5000.0,,,,0.0,1.0,3.0,3.0,2.0
358,359.0,2236.0,,,,,,,,,,,,,3.0,1.0,2.0,3.0,3.0,,3.0,3.0,3.0,3.0,3.0,,,5000.0,,,,1.0,5.0,3.0,3.0,2.0
359,360.0,2237.0,,,,,,,,,,,,,3.0,1.0,2.0,3.0,3.0,,3.0,3.0,3.0,3.0,3.0,,,5000.0,,,,7.0,5.0,3.0,3.0,2.0
360,361.0,2238.0,,,,,,,,,,,,,3.0,1.0,2.0,3.0,3.0,,3.0,3.0,3.0,3.0,3.0,,,5000.0,,,,6.0,4.0,3.0,3.0,2.0
361,362.0,2239.0,,,,,,,,,,,,,3.0,1.0,2.0,3.0,3.0,,3.0,3.0,3.0,3.0,3.0,,,5000.0,,,,4.0,5.0,3.0,3.0,2.0
362,363.0,2240.0,,,,,,,,,,,,,3.0,1.0,2.0,3.0,3.0,,3.0,3.0,3.0,3.0,3.0,,,5000.0,,,,4.0,5.0,3.0,3.0,2.0
363,364.0,2241.0,,,,,,,,,,,,,3.0,1.0,2.0,3.0,3.0,,3.0,3.0,3.0,3.0,3.0,,,5000.0,,,,5.0,2.0,3.0,3.0,2.0
364,365.0,2242.0,,,,,,,,,,,,,3.0,1.0,2.0,3.0,3.0,,3.0,3.0,3.0,3.0,3.0,,,5000.0,,,,2.0,0.0,3.0,3.0,2.0
365,366.0,2243.0,,,,,,,,,,,,,3.0,1.0,2.0,3.0,3.0,,3.0,3.0,3.0,3.0,3.0,,,5000.0,,,,0.0,0.0,3.0,3.0,2.0
366,367.0,2244.0,,,,,,,,,,,,,3.0,1.0,2.0,3.0,3.0,,3.0,3.0,3.0,3.0,3.0,,,,5000.0,,,3.0,1.0,7.0,3.0,2.0
367,368.0,2245.0,,,,,,,,,,,,,3.0,1.0,2.0,3.0,3.0,,3.0,3.0,3.0,3.0,3.0,,,,5000.0,,,3.0,7.0,6.0,3.0,2.0
368,369.0,2246.0,,,,,,,,,,,,,3.0,1.0,2.0,3.0,3.0,,3.0,3.0,3.0,3.0,3.0,,,,5000.0,,,3.0,6.0,8.0,3.0,2.0
369,370.0,2247.0,,,,,,,,,,,,,3.0,1.0,2.0,3.0,3.0,,3.0,3.0,3.0,3.0,3.0,,,,5000.0,,,3.0,4.0,1.0,3.0,2.0
370,371.0,2248.0,,,,,,,,,,,,,3.0,1.0,2.0,3.0,3.0,,3.0,3.0,3.0,3.0,3.0,,,,5000.0,,,3.0,5.0,1.0,3.0,2.0
371,372.0,2249.0,,,,,,,,,,,,,3.0,1.0,2.0,3.0,3.0,,3.0,3.0,3.0,3.0,3.0,,,,5000.0,,,3.0,5.0,1.0,3.0,2.0
372,373.0,2250.0,,,,,,,,,,,,,3.0,1.0,2.0,3.0,3.0,,3.0,3.0,3.0,3.0,3.0,,,,5000.0,,,3.0,2.0,1.0,3.0,2.0
373,374.0,2251.0,,,,,,,,,,,,,3.0,1.0,2.0,3.0,3.0,,3.0,3.0,3.0,3.0,3.0,,,,5000.0,,,3.0,0.0,1.0,3.0,2.0
374,375.0,2252.0,,,,,,,,,,,,,3.0,1.0,2.0,3.0,3.0,,3.0,3.0,3.0,3.0,3.0,,,,5000.0,,,3.0,1.0,5.0,3.0,2.0
375,376.0,2253.0,,,,,,,,,,,,,3.0,1.0,2.0,3.0,3.0,,3.0,3.0,3.0,3.0,3.0,,,,5000.0,,,3.0,7.0,5.0,3.0,2.0
376,377.0,2254.0,,,,,,,,,,,,,3.0,1.0,2.0,3.0,3.0,,3.0,3.0,3.0,3.0,3.0,,,,5000.0,,,3.0,6.0,4.0,3.0,2.0
377,378.0,2255.0,,,,,,,,,,,,,3.0,1.0,2.0,3.0,3.0,,3.0,3.0,3.0,3.0,3.0,,,,5000.0,,,3.0,4.0,5.0,3.0,2.0
378,379.0,2256.0,,,,,,,,,,,,,3.0,1.0,2.0,3.0,3.0,,3.0,3.0,3.0,3.0,3.0,,,,5000.0,,,3.0,5.0,2.0,3.0,2.0
379,380.0,2257.0,,,,,,,,,,,,,3.0,1.0,2.0,3.0,3.0,,3.0,3.0,3.0,3.0,3.0,,,,5000.0,,,3.0,2.0,0.0,3.0,2.0
380,381.0,2258.0,,,,,,,,,,,,,3.0,1.0,2.0,3.0,3.0,,3.0,3.0,3.0,3.0,3.0,,,,5000.0,,,3.0,0.0,0.0,3.0,2.0
381,382.0,2259.0,,,,,,,,,,,,,3.0,1.0,2.0,3.0,3.0,,3.0,3.0,3.0,3.0,3.0,,,,,5000.0,,3.0,3.0,1.0,7.0,2.0
382,383.0,2260.0,,,,,,,,,,,,,3.0,1.0,2.0,3.0,3.0,,3.0,3.0,3.0,3.0,3.0,,,,,5000.0,,3.0,3.0,7.0,6.0,2.0
383,384.0,2261.0,,,,,,,,,,,,,3.0,1.0,2.0,3.0,3.0,,3.0,3.0,3.0,3.0,3.0,,,,,5000.0,,3.0,3.0,6.0,8.0,2.0
384,385.0,2262.0,,,,,,,,,,,,,3.0,1.0,2.0,3.0,3.0,,3.0,3.0,3.0,3.0,3.0,,,,,5000.0,,3.0,3.0,4.0,1.0,2.0
385,386.0,2263.0,,,,,,,,,,,,,3.0,1.0,2.0,3.0,3.0,,3.0,3.0,3.0,3.0,3.0,,,,,5000.0,,3.0,3.0,5.0,1.0,2.0
386,387.0,2264.0,,,,,,,,,,,,,3.0,1.0,2.0,3.0,3.0,,3.0,3.0,3.0,3.0,3.0,,,,,5000.0,,3.0,3.0,2.0,1.0,2.0
387,388.0,2265.0,,,,,,,,,,,,,3.0,1.0,2.0,3.0,3.0,,3.0,3.0,3.0,3.0,3.0,,,,,5000.0,,3.0,3.0,0.0,1.0,2.0
388,389.0,2266.0,,,,,,,,,,,,,3.0,1.0,2.0,3.0,3.0,,3.0,3.0,3.0,3.0,3.0,,,,,5000.0,,3.0,3.0,1.0,5.0,2.0
389,390.0,2267.0,,,,,,,,,,,,,3.0,1.0,2.0,3.0,3.0,,3.0,3.0,3.0,3.0,3.0,,,,,5000.0,,3.0,3.0,7.0,5.0,2.0
390,391.0,2268.0,,,,,,,,,,,,,3.0,1.0,2.0,3.0,3.0,,3.0,3.0,3.0,3.0,3.0,,,,,5000.0,,3.0,3.0,6.0,4.0,2.0
391,392.0,2269.0,,,,,,,,,,,,,3.0,1.0,2.0,3.0,3.0,,3.0,3.0,3.0,3.0,3.0,,,,,5000.0,,3.0,3.0,4.0,5.0,2.0
392,393.0,2270.0,,,,,,,,,,,,,3.0,1.0,2.0,3.0,3.0,,3.0,3.0,3.0,3.0,3.0,,,,,5000.0,,3.0,3.0,5.0,2.0,2.0
393,394.0,2271.0,,,,,,,,,,,,,3.0,1.0,2.0,3.0,3.0,,3.0,3.0,3.0,3.0,3.0,,,,,5000.0,,3.0,3.0,2.0,0.0,2.0
394,395.0,2272.0,,,,,,,,,,,,,3.0,1.0,2.0,3.0,3.0,,3.0,3.0,3.0,3.0,3.0,,,,,5000.0,,3.0,3.0,2.0,0.0,2.0
395,396.0,2273.0,,,,,,,,,,,,,3.0,1.0,2.0,3.0,3.0,,3.0,3.0,3.0,3.0,3.0,,,,,5000.0,,3.0,3.0,0.0,0.0,2.0
396,397.0,2274.0,,,,,,,,,,,,,1.0,1.0,2.0,3.0,3.0,,3.0,3.0,3.0,3.0,1.0,,,,,,20000.0,3.0,3.0,3.0,3.0,4.0
397,398.0,2275.0,,,,,,,,,,,,,1.0,1.0,2.0,3.0,3.0,,3.0,3.0,3.0,3.0,1.0,,,,,,20000.0,3.0,3.0,3.0,1.0,4.0
398,399.0,2276.0,,,,,,,,,,,,,7.0,1.0,2.0,3.0,3.0,,3.0,3.0,3.0,3.0,1.0,,,,,,20000.0,3.0,3.0,3.0,1.0,4.0
399,400.0,2277.0,,,,,,,,,,,,,6.0,1.0,2.0,3.0,3.0,,3.0,3.0,3.0,3.0,1.0,,,,,,20000.0,3.0,3.0,3.0,1.0,4.0
400,401.0,2278.0,,,,,,,,,,,,,6.0,1.0,2.0,3.0,3.0,,3.0,3.0,3.0,3.0,7.0,,,,,,20000.0,3.0,3.0,3.0,1.0,4.0
401,402.0,2279.0,,,,,,,,,,,,,6.0,1.0,2.0,3.0,3.0,,3.0,3.0,3.0,3.0,6.0,,,,,,20000.0,3.0,3.0,3.0,1.0,4.0
402,403.0,2280.0,,,,,,,,,,,,,7.0,1.0,2.0,3.0,3.0,,3.0,3.0,3.0,3.0,6.0,,,,,,20000.0,3.0,3.0,3.0,1.0,4.0
403,404.0,2281.0,,,,,,,,,,,,,7.0,1.0,2.0,3.0,3.0,,3.0,3.0,3.0,3.0,6.0,,,,,,20000.0,3.0,3.0,3.0,1.0,4.0
404,405.0,2282.0,,,,,,,,,,,,,6.0,1.0,2.0,3.0,3.0,,3.0,3.0,3.0,3.0,6.0,,,,,,20000.0,3.0,3.0,3.0,1.0,4.0
405,406.0,2283.0,,,,,,,,,,,,,1.0,1.0,2.0,3.0,3.0,,3.0,3.0,3.0,3.0,7.0,,,,,,20000.0,3.0,3.0,3.0,1.0,4.0
406,407.0,2284.0,,,,,,,,,,,,,1.0,1.0,2.0,3.0,3.0,,3.0,3.0,3.0,3.0,7.0,,,,,,20000.0,3.0,3.0,3.0,1.0,4.0
407,408.0,2285.0,,,,,,,,,,,,,1.0,1.0,2.0,3.0,3.0,,3.0,3.0,3.0,3.0,1.0,,,,,,20000.0,3.0,3.0,3.0,7.0,4.0
408,409.0,2286.0,,,,,,,,,,,,,1.0,1.0,2.0,3.0,3.0,,3.0,3.0,3.0,3.0,1.0,,,,,,20000.0,3.0,3.0,3.0,7.0,4.0
409,410.0,2287.0,,,,,,,,,,,,,7.0,1.0,2.0,3.0,3.0,,3.0,3.0,3.0,3.0,1.0,,,,,,20000.0,3.0,3.0,3.0,7.0,4.0
410,411.0,2288.0,,,,,,,,,,,,,6.0,1.0,2.0,3.0,3.0,,3.0,3.0,3.0,3.0,1.0,,,,,,20000.0,3.0,3.0,3.0,7.0,4.0
411,412.0,2289.0,,,,,,,,,,,,,6.0,1.0,2.0,3.0,3.0,,3.0,3.0,3.0,3.0,7.0,,,,,,20000.0,3.0,3.0,3.0,7.0,4.0
412,413.0,2290.0,,,,,,,,,,,,,6.0,1.0,2.0,3.0,3.0,,3.0,3.0,3.0,3.0,7.0,,,,,,20000.0,3.0,3.0,3.0,7.0,4.0
413,414.0,2291.0,,,,,,,,,,,,,1.0,1.0,2.0,3.0,3.0,,3.0,3.0,3.0,3.0,1.0,,,,,,20000.0,3.0,3.0,3.0,6.0,4.0
414,415.0,2292.0,,,,,,,,,,,,,7.0,1.0,2.0,3.0,3.0,,3.0,3.0,3.0,3.0,1.0,,,,,,20000.0,3.0,3.0,3.0,6.0,4.0
415,416.0,2293.0,,,,,,,,,,,,,7.0,1.0,2.0,3.0,3.0,,3.0,3.0,3.0,3.0,1.0,,,,,,20000.0,3.0,3.0,3.0,6.0,4.0
